{
   "device_class" : "generic_tracker",
   "device_serial_number" : "LHR-ED227D03",
   "firmware_config" : {
      "remap_channel_13" : 6,
      "remap_channel_14" : 7,
      "remap_channel_15" : 8,
      "remap_channel_16" : 9,
      "remap_channel_17" : 10,
      "remap_channel_23" : 11,
      "remap_channel_24" : 12,
      "remap_channel_25" : 13,
      "remap_channel_26" : 14,
      "remap_channel_27" : 15,
      "remap_channel_28" : 16,
      "remap_channel_29" : 17,
      "remap_channel_4" : 2,
      "remap_channel_5" : 3,
      "remap_channel_6" : 4,
      "remap_channel_7" : 5,
      "sensor_enable" : "0xFFFFFFFF",
      "sensor_env_on_pin_a" : "0xFFFFFF00"
   },
   "head" : {
      "plus_x" : [ 1, 0, 0 ],
      "plus_z" : [ 0, 0, -1 ],
      "position" : [ 0, 0, 0 ]
   },
   "imu" : {
      "plus_x" : [ 0.040157785345831698, -0.031960816476036769, -0.99868207493931216 ],
      "plus_z" : [ 0.78140480358183417, -0.62191029879265614, 0.051323885123897739 ],
      "position" : [ -0.0024401757400482893, -0.010472819209098816, 0.014289959333837032 ]
   },
   "input_profile" : "{tundra_labs}/input/tundra_tracker_profile.json",
   "lighthouse_config" : {
      "channelMap" : [ 9, 10, 11, 12, 13, 14, 15, 16, 17, 0, 1, 2, 3, 4, 5, 6, 7, 8 ],
      "modelNormals" : [
         [ -0.701289654, 0.0858565271, 0.707687378 ],
         [ 0.0331553407, 0.998586297, 0.0415471457 ],
         [ -0.0271429475, 0.99875164, 0.041934073 ],
         [ -0.499308169, 0.500690877, 0.707106769 ],
         [ -0.99875164, 0.0271429475, 0.041934073 ],
         [ -0.998586297, -0.0331553407, 0.0415471457 ],
         [ -0.396552056, 0.915698946, 0.0651297346 ],
         [ -0.809017003, 1.79629523e-16, 0.587785244 ],
         [ 0.00223558443, -0.808403313, 0.588624775 ],
         [ 0.676755309, -0.202930525, 0.707687378 ],
         [ -0.0331553407, -0.998586297, 0.0415471457 ],
         [ 0.0271429475, -0.99875164, 0.041934073 ],
         [ 0.502069771, -0.497921646, 0.707106769 ],
         [ 0.99875164, -0.0271429475, 0.041934073 ],
         [ 0.998586297, 0.0331553407, 0.0415471457 ],
         [ 0.396552056, -0.915698946, 0.0651297346 ],
         [ 0.809017003, 1.49383842e-16, 0.587785244 ],
         [ 0.00222941348, 0.806171894, 0.591677189 ]
      ],
      "modelPoints" : [
         [ 0.00331035559, 0.0195855778, 0.0104911178 ],
         [ 0.0128621608, 0.0241140407, 0.00357917021 ],
         [ -0.0104044685, 0.0244715754, 0.00248764968 ],
         [ -0.0192859247, 0.0187860951, 0.00579578662 ],
         [ -0.0240915827, 0.0101738134, 0.0022179326 ],
         [ -0.0239622686, -0.0129549308, 0.00390966889 ],
         [ -0.0151948268, -0.00708582485, 0.0219320729 ],
         [ -0.0204222947, -0.0125392089, 0.0213470254 ],
         [ -0.0137177976, -0.0210665371, 0.0207779873 ],
         [ -0.00368877407, -0.0194286052, 0.0108586913 ],
         [ -0.0130194966, -0.023959348, 0.00305506447 ],
         [ 0.0102951536, -0.0241845455, 0.00241944753 ],
         [ 0.0189968906, -0.0189390853, 0.00586348074 ],
         [ 0.0242671873, -0.0105658267, 0.00246572518 ],
         [ 0.0238170214, 0.012736138, 0.00392975518 ],
         [ 0.0156362616, 0.00726881204, 0.022003606 ],
         [ 0.0205858983, 0.0127498675, 0.0212604012 ],
         [ 0.0132808806, 0.0205042455, 0.0214544218 ]
      ]
   },
   "manufacturer" : "HTC",
   "model_number" : "VIVE Tracker Pro MV",
   "render_model" : "vr_tracker_vive_1_0",
   "resource_root" : "",
   "revision" : 1
}
