{
    "device_class": "generic_tracker",
    "device_pid": 8960,
    "device_serial_number": "LHR-270B4DF0",
    "device_vid": 10462,
    "firmware_config": {
        "button_function_5": "PA2",
        "button_function_6": "PA2",
        "bwd_config": "0x392B",
        "charge_current_low_temp_ma": 204,
        "charge_current_ma": 512,
        "charge_current_nominal_ac_ma": 768,
        "charge_current_nominal_usb_ma": 512,
        "charge_term_current_ma": 128,
        "charge_voltage_limit_mv": 4400,
        "charging_low_temp_threshold_c": 15,
        "haptic_pulse_width_multiplier": "1000",
        "haptics": true,
        "mode": "controller",
        "radio": true,
        "recharge_voltage_mv": 100,
        "spi_flash": false,
        "sys_min_voltage_mv": 3500,
        "trackpad": false,
        "trigger": false,
        "vrc": true
    },
    "head": {
        "plus_x": [
            1,
            0,
            0
        ],
        "plus_z": [
            0,
            0,
            -1
        ],
        "position": [
            4.5600000930789975e-07,
            0.039768997579813004,
            0.051509737968444824
        ]
    },
    "htcComposeTime": "2019-06-13 22:31:42.970000",
    "imu": {
        "acc_bias": [
            0.03473,
            -0.02788,
            0.09873
        ],
        "acc_scale": [
            0.9993,
            1.001,
            0.9976
        ],
        "gyro_bias": [
            -0.01507,
            -0.001803,
            0.01442
        ],
        "gyro_scale": [
            1.0,
            1.0,
            1.0
        ],
        "plus_x": [
            3.422854177870249e-08,
            -0.9999999657714582,
            0
        ],
        "plus_z": [
            0,
            0,
            -0.9999999315429164
        ],
        "position": [
            0.010058400221168995,
            0.018336530774831772,
            0.06172512099146843
        ]
    },
    "lighthouse_config": {
        "channelMap": [
            0,
            1,
            2,
            3,
            4,
            5,
            6,
            7,
            8,
            9,
            10,
            11,
            12,
            13,
            14,
            15,
            16,
            17,
            18,
            19,
            20,
            21
        ],
        "modelNormals": [
            [
                0.6824991703033447,
                0.6131781339645386,
                0.3977530896663666
            ],
            [
                -0.8931733965873718,
                0.44771620631217957,
                -0.04232601821422577
            ],
            [
                0.7094064354896545,
                -0.4095762372016907,
                0.5735763311386108
            ],
            [
                -0.4586949348449707,
                -0.8359968662261963,
                0.301177978515625
            ],
            [
                -0.81607586145401,
                0.3477179706096649,
                -0.46164095401763916
            ],
            [
                -0.5825632810592651,
                0.6942723393440247,
                -0.42261821031570435
            ],
            [
                -0.784885823726654,
                -0.4531538784503937,
                -0.42261791229248047
            ],
            [
                0.2071249932050705,
                0.030079999938607216,
                0.9778519868850708
            ],
            [
                -0.3099759519100189,
                -0.8516508340835571,
                -0.42261791229248047
            ],
            [
                -0.827340304851532,
                0.435027152299881,
                0.35533010959625244
            ],
            [
                0,
                0.9063078761100769,
                -0.42261794209480286
            ],
            [
                0,
                -0.8386707305908203,
                0.5446388125419617
            ],
            [
                0.827340304851532,
                0.435027152299881,
                0.35533010959625244
            ],
            [
                0.3099750280380249,
                -0.851651132106781,
                -0.4226180613040924
            ],
            [
                -0.2071249932050705,
                0.030079999938607216,
                0.9778519868850708
            ],
            [
                0.7848854660987854,
                -0.4531542658805847,
                -0.42261824011802673
            ],
            [
                0.5825632810592651,
                0.6942723393440247,
                -0.42261821031570435
            ],
            [
                0.81607586145401,
                0.3477179706096649,
                -0.46164095401763916
            ],
            [
                0.4586949348449707,
                -0.8359968662261963,
                0.301177978515625
            ],
            [
                -0.7094060182571411,
                -0.4095759987831116,
                0.5735769867897034
            ],
            [
                0.8931733965873718,
                0.44771620631217957,
                -0.04232601821422577
            ],
            [
                -0.6824991703033447,
                0.6131781339645386,
                0.3977530896663666
            ]
        ],